{"train/loss": 0.0004, "train/learning_rate": 0.0, "train/epoch": 9.97, "train/global_step": 980, "_timestamp": 1696315060.8207111, "_runtime": 1171.709733247757, "_step": 108, "eval/loss": 0.014295155182480812, "eval/accuracy": 0.9983443708609272, "eval/f1": 0.9904761904761905, "eval/precision": 1.0, "eval/recall": 0.9811320754716981, "eval/runtime": 5.8732, "eval/samples_per_second": 102.84, "eval/steps_per_second": 25.71, "train/train_runtime": 1172.2943, "train/train_samples_per_second": 26.819, "train/train_steps_per_second": 0.836, "train/total_flos": 2580655347704448.0, "train/train_loss": 0.028127154452745252, "_wandb": {"runtime": 1177}}