{"train/loss": 0.0, "train/learning_rate": 2.267573696145125e-08, "train/epoch": 35.91, "train/global_step": 3528, "_timestamp": 1696306808.3217652, "_runtime": 4178.41108417511, "_step": 388, "eval/loss": 0.0277752336114645, "eval/accuracy": 0.9950331125827815, "eval/f1": 0.970873786407767, "eval/precision": 1.0, "eval/recall": 0.9433962264150944, "eval/runtime": 5.8221, "eval/samples_per_second": 103.742, "eval/steps_per_second": 25.936, "train/train_runtime": 4314.8319, "train/train_samples_per_second": 26.231, "train/train_steps_per_second": 0.818, "train/total_flos": 9277843773307056.0, "train/train_loss": 0.008565502739475463, "_wandb": {"runtime": 4183}}