{"train/loss": 0.0004, "train/learning_rate": 0.0, "train/epoch": 9.97, "train/global_step": 980, "_timestamp": 1696313643.353692, "_runtime": 1163.0207920074463, "_step": 108, "eval/loss": 0.016135064885020256, "eval/accuracy": 0.9966887417218543, "eval/f1": 0.9807692307692307, "eval/precision": 1.0, "eval/recall": 0.9622641509433962, "eval/runtime": 5.7876, "eval/samples_per_second": 104.361, "eval/steps_per_second": 26.09, "train/train_runtime": 1163.6263, "train/train_samples_per_second": 27.019, "train/train_steps_per_second": 0.842, "train/total_flos": 2580655347704448.0, "train/train_loss": 0.028072560933057447, "_wandb": {"runtime": 1168}}