{"train/loss": 0.0004, "train/learning_rate": 0.0, "train/epoch": 9.97, "train/global_step": 980, "_timestamp": 1696311058.3061373, "_runtime": 1163.6583812236786, "_step": 108, "eval/loss": 0.015369108878076077, "eval/accuracy": 0.9966887417218543, "eval/f1": 0.9807692307692307, "eval/precision": 1.0, "eval/recall": 0.9622641509433962, "eval/runtime": 5.825, "eval/samples_per_second": 103.691, "eval/steps_per_second": 25.923, "train/train_runtime": 1164.481, "train/train_samples_per_second": 26.999, "train/train_steps_per_second": 0.842, "train/total_flos": 2580655347704448.0, "train/train_loss": 0.03150092426483158, "_wandb": {"runtime": 1168}}